INSERT INTO DOCTOR (id,sexo,nombre,apellido,foto) VALUES
(1,'M','James','Iturbide','/url/doctor1.jpg'),
(2,'M','Sage','Wieser','/url/doctor2.jpg'),
(3,'M','Kris','Marrier','/url/doctor3.jpg'),
(4,'M','Abel','Maclead','/url/doctor4.jpg'),
(5,'M','Fletcher','Flosi','/url/doctor5.jpg'),
(6,'M','Willard','Kolmetz','/url/doctor6.jpg'),
(7,'M','Ezekiel','Chui','/url/doctor7.jpg'),
(8,'M','Willow','Kusko','/url/doctor8.jpg'),
(9,'M','Bernardo','Figeroa','/url/doctor9.jpg'),
(10,'M','Ernie','Stenseth','/url/doctor10.jpg'),
(11,'M','Solange','Shinko','/url/doctor11.jpg'),
(12,'M','Jose','Stockham','/url/doctor12.jpg'),
(13,'M','Dyan','Oldroyd','/url/doctor13.jpg'),
(14,'M','Lavera','Perin','/url/doctor14.jpg'),
(15,'M','Erick','Ferencz','/url/doctor15.jpg'),
(16,'M','Emerson','Bowley','/url/doctor16.jpg'),
(17,'M','Blair','Malet','/url/doctor17.jpg'),
(18,'M','Brock','Bolognia','/url/doctor18.jpg'),
(19,'M','Lorrie','Nestle','/url/doctor19.jpg'),
(20,'M','Karl','Klonowski','/url/doctor20.jpg'),
(21,'M','Tonette','Wenner','/url/doctor21.jpg'),
(22,'M','Jamal','Vanausdal','/url/doctor22.jpg'),
(23,'M','Tawna','Buvens','/url/doctor23.jpg'),
(24,'M','Bobbye','Rhym','/url/doctor24.jpg'),
(25,'M','Moon','Parlato','/url/doctor25.jpg'),
(26,'M','Timothy','Mulqueen','/url/doctor26.jpg'),
(27,'M','Dominque','Dickerson','/url/doctor27.jpg'),
(28,'M','Lai','Gato','/url/doctor28.jpg'),
(29,'M','Stephen','Emigh','/url/doctor29.jpg'),
(30,'M','Cory','Gibes','/url/doctor30.jpg'),
(31,'M','Rosio','Cork','/url/doctor31.jpg'),
(32,'M','Donte','Kines','/url/doctor32.jpg'),
(33,'M','Rolland','Francescon','/url/doctor33.jpg'),
(34,'M','Shawna','Palaspas','/url/doctor34.jpg'),
(35,'M','Brandon','Callaro','/url/doctor35.jpg'),
(36,'M','Ty','Smith','/url/doctor36.jpg'),
(37,'M','Xuan','Rochin','/url/doctor37.jpg'),
(38,'M','Herman','Demesa','/url/doctor38.jpg'),
(39,'M','Rory','Papasergi','/url/doctor39.jpg'),
(40,'M','Van','Shire','/url/doctor40.jpg'),
(41,'M','Bok','Isaacs','/url/doctor41.jpg'),
(42,'M','Rolande','Spickerman','/url/doctor42.jpg'),
(43,'M','Howard','Paulas','/url/doctor43.jpg'),
(44,'M','Thurman','Manno','/url/doctor44.jpg'),
(45,'M','Marti','Maybury','/url/doctor45.jpg'),
(46,'M','Valentin','Klimek','/url/doctor46.jpg'),
(47,'M','Bulah','Padilla','/url/doctor47.jpg'),
(48,'M','Audra','Kohnert','/url/doctor48.jpg'),
(49,'M','Daren','Weirather','/url/doctor49.jpg'),
(50,'M','Gearldine','Gellinger','/url/doctor50.jpg'),
(51,'M','Chau','Kitzman','/url/doctor51.jpg'),
(52,'M','Cheryl','Haroldson','/url/doctor52.jpg'),
(53,'M','Dierdre','Yum','/url/doctor53.jpg'),
(54,'M','Larae','Gudroe','/url/doctor54.jpg'),
(55,'M','Kerry','Theodorov','/url/doctor55.jpg'),
(56,'M','Clay','Hoa','/url/doctor56.jpg'),
(57,'M','Eun','Coody','/url/doctor57.jpg'),
(58,'M','Sylvia','Cousey','/url/doctor58.jpg'),
(59,'M','Joesph','Degonia','/url/doctor59.jpg'),
(60,'M','Benton','Skursky','/url/doctor60.jpg'),
(61,'F','Josephine','Darakjy','/url/doctor61.jpg'),
(62,'F','Art','Venere','/url/doctor62.jpg'),
(63,'F','Lenna','Paprocki','/url/doctor63.jpg'),
(64,'F','Donette','Foller','/url/doctor64.jpg'),
(65,'F','Simona','Morasca','/url/doctor65.jpg'),
(66,'F','Mitsue','Tollner','/url/doctor66.jpg'),
(67,'F','Leota','Dilliard','/url/doctor67.jpg'),
(68,'F','Minna','Amigon','/url/doctor68.jpg'),
(69,'F','Kiley','Caldarera','/url/doctor69.jpg'),
(70,'F','Graciela','Ruta','/url/doctor70.jpg'),
(71,'F','Cammy','Albares','/url/doctor71.jpg'),
(72,'F','Mattie','Poquette','/url/doctor72.jpg'),
(73,'F','Meaghan','Garufi','/url/doctor73.jpg'),
(74,'F','Gladys','Rim','/url/doctor74.jpg'),
(75,'F','Yuki','Whobrey','/url/doctor75.jpg'),
(76,'F','Bette','Nicka','/url/doctor76.jpg'),
(77,'F','Veronika','Inouye','/url/doctor77.jpg'),
(78,'F','Maryann','Royster','/url/doctor78.jpg'),
(79,'F','Alisha','Slusarski','/url/doctor79.jpg'),
(80,'F','Allene','Iturbide','/url/doctor80.jpg'),
(81,'F','Chanel','Caudy','/url/doctor81.jpg'),
(82,'F','Ammie','Corrio','/url/doctor82.jpg'),
(83,'F','Francine','Vocelka','/url/doctor83.jpg'),
(84,'F','Albina','Glick','/url/doctor84.jpg'),
(85,'F','Alishia','Sergi','/url/doctor85.jpg'),
(86,'F','Rozella','Ostrosky','/url/doctor86.jpg'),
(87,'F','Valentine','Gillian','/url/doctor87.jpg'),
(88,'F','Kati','Rulapaugh','/url/doctor88.jpg'),
(89,'F','Youlanda','Schemmer','/url/doctor89.jpg'),
(90,'F','Roxane','Campain','/url/doctor90.jpg'),
(91,'F','Fatima','Saylors','/url/doctor91.jpg'),
(92,'F','Jina','Briddick','/url/doctor92.jpg'),
(93,'F','Kanisha','Waycott','/url/doctor93.jpg'),
(94,'F','Sabra','Uyetake','/url/doctor94.jpg'),
(95,'F','Marjory','Mastella','/url/doctor95.jpg'),
(96,'F','Amber','Monarrez','/url/doctor96.jpg'),
(97,'F','Shenika','Seewald','/url/doctor97.jpg'),
(98,'F','Delmy','Ahle','/url/doctor98.jpg'),
(99,'F','Deeanna','Juhas','/url/doctor99.jpg'),
(100,'F','Blondell','Pugh','/url/doctor100.jpg'),
(101,'F','Cecily','Hollack','/url/doctor101.jpg'),
(102,'F','Carmelina','Lindall','/url/doctor102.jpg'),
(103,'F','Maurine','Yglesias','/url/doctor103.jpg'),
(104,'F','Penney','Weight','/url/doctor104.jpg'),
(105,'F','Elly','Morocco','/url/doctor105.jpg'),
(106,'F','Ilene','Eroman','/url/doctor106.jpg'),
(107,'F','Vallie','Mondella','/url/doctor107.jpg'),
(108,'F','Kallie','Blackwood','/url/doctor108.jpg'),
(109,'F','Johnetta','Abdallah','/url/doctor109.jpg'),
(110,'F','Micaela','Rhymes','/url/doctor110.jpg'),
(111,'F','Tamar','Hoogland','/url/doctor111.jpg'),
(112,'F','Laurel','Reitler','/url/doctor112.jpg'),
(113,'F','Delisa','Crupi','/url/doctor113.jpg'),
(114,'F','Viva','Toelkes','/url/doctor114.jpg'),
(115,'F','Elza','Lipke','/url/doctor115.jpg'),
(116,'F','Devorah','Chickering','/url/doctor116.jpg'),
(117,'F','Arlette','Honeywell','/url/doctor117.jpg'),
(118,'F','Lettie','Isenhower','/url/doctor118.jpg'),
(119,'F','Myra','Munns','/url/doctor119.jpg'),
(120,'F','Stephaine','Barfield','/url/doctor120.jpg')
;




INSERT INTO ESPECIALIDAD (id,nombre) VALUES
(1,'Clinica Medica'),
(2,'Medicina General Y De Familia'),
(3,'Alergia E Inmunologia'),
(4,'Cardiologia'),
(5,'Angiologia General Y Hemodinamia'),
(6,'Dermatologia'),
(7,'Endocrinologia'),
(8,'Farmacologia Clinica'),
(9,'Fisiatria (Medicina Fisica Y Rehabilitacion)'),
(10,'Gastroenterologia'),
(11,'Genetica Medica'),
(12,'Geriatria'),
(13,'Hematologia'),
(14,'Infectologia'),
(15,'Nefrologia'),
(16,'Neumonologia'),
(17,'Neurologia'),
(18,'Nutricion'),
(19,'Oncologia'),
(20,'Reumatologia'),
(21,'Terapia Intensiva'),
(22,'Cirugia General'),
(23,'Cirugia Cardiovascular'),
(24,'Cirugia De Cabeza Y Cuello'),
(25,'Cirugia De Torax (Cirugia Toracica)'),
(26,'Cirugia Infantil (Cirugia Pediatrica)'),
(27,'Cirugia Plastica Y Reparadora'),
(28,'Cirugia Vascular Periferica'),
(29,'Coloproctologia'),
(30,'Ginecologia'),
(31,'Neurocirugia'),
(32,'Obstetricia'),
(33,'Oftalmologia'),
(34,'Ortopedia Y Traumatologia'),
(35,'Otorrinolaringologia'),
(36,'Tocoginecologia'),
(37,'Urologia'),
(38,'Pediatria'),
(39,'Cardiologia Infantil.'),
(40,'Endocrinologia Infantil.'),
(41,'Gastroenterologia Infantil.'),
(42,'Hematologia Infantil.'),
(43,'Infectologia Infantil'),
(44,'Nefrologia Infantil.'),
(45,'Neonatologia'),
(46,'Neumonologo Infantil.'),
(47,'Neurologo Infantil.'),
(48,'Oncologo Infantil.'),
(49,'Reumatologo Infantil.'),
(50,'Terapista Intensivo Infantil'),
(51,'Psiquiatria'),
(52,'Psiquiatria Infanto Juvenil'),
(53,'Anatomia Patologica'),
(54,'Anestesiologia'),
(55,'Diagnostico Por Imagenes'),
(56,'Hemoterapia E Inmunohematologia'),
(57,'Medicina Del Deporte'),
(58,'Medicina Del Trabajo'),
(59,'Medicina Legal'),
(60,'Medicina Nuclear'),
(61,'Radioterapia O Terapia Radiante'),
(62,'Toxicologia'),
(63,'Cirugia Y Trumatologia Bucomaxilofacial'),
(64,'Periodoncia'),
(65,'Endodoncia'),
(66,'Odontopediatria'),
(67,'Ortodoncia'),
(68,'Medicina General'),
(69,'Medicina De Familia'),
(70,'Mastologia'),
(71,'Quemados'),
(72,'Salud Publica'),
(73,'Cirugia Oncologica'),
(74,'Dermatología Pediátrica'),
(75,'Emergentología'),
(76,'Electro Fisiología Cardíaca'),
(77,'Ortopedia Y Traumatología Infantil'),
(78,'Hepatología'),
(79,'Hepatología Pediátrica'),
(80,'Alergia E Inmunología Pediátrica'),
(81,'Cirugía Cardiovascular Pediátrica'),
(82,'Anatomía Patológica Bucalmaxilofacial'),
(83,'Diagnóstico Por Imágenes Bucomaxilofacial'),
(84,'Odontología Legal'),
(85,'Clínica Estomatológica'),
(86,'Prótesis Dentobucomaxilar'),
(87,'Ortodoncia Y Ortopedia Maxilar')
;


INSERT INTO DOCTOR_ESPECIALIDAD (fk_especialidad,fk_doctor) VALUES
(1,1),
(2,2),
(3,3),
(4,4),
(5,5),
(6,6),
(7,7),
(8,8),
(9,9),
(10,10),
(11,11),
(12,12),
(21,13),
(22,14),
(23,15),
(24,16),
(25,17),
(26,18),
(27,19),
(28,20),
(21,21),
(22,22),
(23,23),
(24,24),
(25,25),
(26,26),
(27,27),
(28,28),
(29,29),
(30,30),
(31,31),
(32,32),
(33,33),
(34,34),
(35,35),
(36,36),
(37,37),
(38,38),
(39,39),
(40,40),
(41,41),
(42,42),
(43,43),
(44,44),
(45,45),
(46,46),
(47,47),
(48,48),
(49,49),
(50,50),
(51,51),
(52,52),
(53,53),
(54,54),
(55,55),
(56,56),
(57,57),
(58,58),
(59,59),
(60,60),
(61,61),
(62,62),
(63,63),
(64,64),
(65,65),
(66,66),
(67,67),
(68,68),
(69,69),
(70,70),
(71,71),
(72,72),
(73,73),
(74,74),
(75,75),
(76,76),
(77,77),
(78,78),
(79,79),
(80,80),
(81,81),
(82,82),
(2,83),
(3,84),
(4,85),
(5,86),
(6,87),
(7,88),
(8,89),
(9,90),
(10,91),
(11,92),
(12,93),
(21,94),
(22,95),
(23,96),
(24,97),
(25,98),
(26,99),
(27,100),
(28,101),
(29,102),
(30,103),
(31,104),
(32,105),
(33,106),
(34,107),
(35,108),
(36,109),
(37,110),
(38,111),
(39,112),
(40,113),
(41,114),
(42,115),
(43,116),
(44,117),
(45,118),
(46,119),
(47,120),
(48,13),
(49,14),
(50,15),
(51,16),
(52,17),
(53,18),
(54,19),
(55,20),
(56,21),
(57,22),
(58,23),
(59,24),
(60,25),
(61,26),
(62,27),
(63,28),
(64,29),
(65,30),
(66,31),
(67,32),
(68,33),
(69,34),
(70,35),
(71,36),
(72,37),
(73,38),
(74,39),
(75,40);


