INSERT INTO DOCTOR (id, sexo, nombre, apellido, foto)
VALUES (
        1,
        'M',
        'James',
        'Iturbide',
        'firebasestorage.googleapis.com/v0/b/myonlinedoctor-b2ee5.appspot.com/o/doctor1.jpg?alt=media'
    ),
    (
        2,
        'M',
        'Sage',
        'Wieser',
        'firebasestorage.googleapis.com/v0/b/myonlinedoctor-b2ee5.appspot.com/o/doctor2.jpg?alt=media'
    ),
    (
        3,
        'M',
        'Kris',
        'Marrier',
        'firebasestorage.googleapis.com/v0/b/myonlinedoctor-b2ee5.appspot.com/o/doctor3.jpg?alt=media'
    ),
    (
        4,
        'M',
        'Abel',
        'Maclead',
        'firebasestorage.googleapis.com/v0/b/myonlinedoctor-b2ee5.appspot.com/o/doctor4.jpg?alt=media'
    ),
    (
        5,
        'M',
        'Fletcher',
        'Flosi',
        'firebasestorage.googleapis.com/v0/b/myonlinedoctor-b2ee5.appspot.com/o/doctor5.jpg?alt=media'
    ),
    (
        6,
        'M',
        'Willard',
        'Kolmetz',
        'firebasestorage.googleapis.com/v0/b/myonlinedoctor-b2ee5.appspot.com/o/doctor6.jpg?alt=media'
    ),
    (
        7,
        'M',
        'Ezekiel',
        'Chui',
        'firebasestorage.googleapis.com/v0/b/myonlinedoctor-b2ee5.appspot.com/o/doctor7.jpg?alt=media'
    ),
    (
        8,
        'M',
        'Willow',
        'Kusko',
        'firebasestorage.googleapis.com/v0/b/myonlinedoctor-b2ee5.appspot.com/o/doctor8.jpg?alt=media'
    ),
    (
        9,
        'M',
        'Bernardo',
        'Figeroa',
        'firebasestorage.googleapis.com/v0/b/myonlinedoctor-b2ee5.appspot.com/o/doctor9.jpg?alt=media'
    ),
    (
        10,
        'M',
        'Ernie',
        'Stenseth',
        'firebasestorage.googleapis.com/v0/b/myonlinedoctor-b2ee5.appspot.com/o/doctor10.jpg?alt=media'
    ),
    (
        11,
        'M',
        'Solange',
        'Shinko',
        'firebasestorage.googleapis.com/v0/b/myonlinedoctor-b2ee5.appspot.com/o/doctor11.jpg?alt=media'
    ),
    (
        12,
        'M',
        'Jose',
        'Stockham',
        'firebasestorage.googleapis.com/v0/b/myonlinedoctor-b2ee5.appspot.com/o/doctor12.jpg?alt=media'
    ),
    (
        13,
        'M',
        'Dyan',
        'Oldroyd',
        'firebasestorage.googleapis.com/v0/b/myonlinedoctor-b2ee5.appspot.com/o/doctor13.jpg?alt=media'
    ),
    (
        14,
        'M',
        'Lavera',
        'Perin',
        'firebasestorage.googleapis.com/v0/b/myonlinedoctor-b2ee5.appspot.com/o/doctor14.jpg?alt=media'
    ),
    (
        15,
        'M',
        'Erick',
        'Ferencz',
        'firebasestorage.googleapis.com/v0/b/myonlinedoctor-b2ee5.appspot.com/o/doctor15.jpg?alt=media'
    ),
    (
        16,
        'M',
        'Emerson',
        'Bowley',
        'firebasestorage.googleapis.com/v0/b/myonlinedoctor-b2ee5.appspot.com/o/doctor16.jpg?alt=media'
    ),
    (
        17,
        'M',
        'Blair',
        'Malet',
        'firebasestorage.googleapis.com/v0/b/myonlinedoctor-b2ee5.appspot.com/o/doctor17.jpg?alt=media'
    ),
    (
        18,
        'M',
        'Brock',
        'Bolognia',
        'firebasestorage.googleapis.com/v0/b/myonlinedoctor-b2ee5.appspot.com/o/doctor18.jpg?alt=media'
    ),
    (
        19,
        'M',
        'Lorrie',
        'Nestle',
        'firebasestorage.googleapis.com/v0/b/myonlinedoctor-b2ee5.appspot.com/o/doctor19.jpg?alt=media'
    ),
    (
        20,
        'M',
        'Karl',
        'Klonowski',
        'firebasestorage.googleapis.com/v0/b/myonlinedoctor-b2ee5.appspot.com/o/doctor20.jpg?alt=media'
    ),
    (
        21,
        'M',
        'Tonette',
        'Wenner',
        'firebasestorage.googleapis.com/v0/b/myonlinedoctor-b2ee5.appspot.com/o/doctor21.jpg?alt=media'
    ),
    (
        22,
        'M',
        'Jamal',
        'Vanausdal',
        'firebasestorage.googleapis.com/v0/b/myonlinedoctor-b2ee5.appspot.com/o/doctor22.jpg?alt=media'
    ),
    (
        23,
        'M',
        'Tawna',
        'Buvens',
        'firebasestorage.googleapis.com/v0/b/myonlinedoctor-b2ee5.appspot.com/o/doctor23.jpg?alt=media'
    ),
    (
        24,
        'M',
        'Bobbye',
        'Rhym',
        'firebasestorage.googleapis.com/v0/b/myonlinedoctor-b2ee5.appspot.com/o/doctor24.jpg?alt=media'
    ),
    (
        25,
        'M',
        'Moon',
        'Parlato',
        'firebasestorage.googleapis.com/v0/b/myonlinedoctor-b2ee5.appspot.com/o/doctor25.jpg?alt=media'
    ),
    (
        26,
        'M',
        'Timothy',
        'Mulqueen',
        'firebasestorage.googleapis.com/v0/b/myonlinedoctor-b2ee5.appspot.com/o/doctor26.jpg?alt=media'
    ),
    (
        27,
        'M',
        'Dominque',
        'Dickerson',
        'firebasestorage.googleapis.com/v0/b/myonlinedoctor-b2ee5.appspot.com/o/doctor27.jpg?alt=media'
    ),
    (
        28,
        'M',
        'Lai',
        'Gato',
        'firebasestorage.googleapis.com/v0/b/myonlinedoctor-b2ee5.appspot.com/o/doctor28.jpg?alt=media'
    ),
    (
        29,
        'M',
        'Stephen',
        'Emigh',
        'firebasestorage.googleapis.com/v0/b/myonlinedoctor-b2ee5.appspot.com/o/doctor29.jpg?alt=media'
    ),
    (
        30,
        'M',
        'Cory',
        'Gibes',
        'firebasestorage.googleapis.com/v0/b/myonlinedoctor-b2ee5.appspot.com/o/doctor30.jpg?alt=media'
    ),
    (
        31,
        'M',
        'Rosio',
        'Cork',
        'firebasestorage.googleapis.com/v0/b/myonlinedoctor-b2ee5.appspot.com/o/doctor31.jpg?alt=media'
    ),
    (
        32,
        'M',
        'Donte',
        'Kines',
        'firebasestorage.googleapis.com/v0/b/myonlinedoctor-b2ee5.appspot.com/o/doctor32.jpg?alt=media'
    ),
    (
        33,
        'M',
        'Rolland',
        'Francescon',
        'firebasestorage.googleapis.com/v0/b/myonlinedoctor-b2ee5.appspot.com/o/doctor33.jpg?alt=media'
    ),
    (
        34,
        'M',
        'Shawna',
        'Palaspas',
        'firebasestorage.googleapis.com/v0/b/myonlinedoctor-b2ee5.appspot.com/o/doctor34.jpg?alt=media'
    ),
    (
        35,
        'M',
        'Brandon',
        'Callaro',
        'firebasestorage.googleapis.com/v0/b/myonlinedoctor-b2ee5.appspot.com/o/doctor35.jpg?alt=media'
    ),
    (
        36,
        'M',
        'Ty',
        'Smith',
        'firebasestorage.googleapis.com/v0/b/myonlinedoctor-b2ee5.appspot.com/o/doctor36.jpg?alt=media'
    ),
    (
        37,
        'M',
        'Xuan',
        'Rochin',
        'firebasestorage.googleapis.com/v0/b/myonlinedoctor-b2ee5.appspot.com/o/doctor37.jpg?alt=media'
    ),
    (
        38,
        'M',
        'Herman',
        'Demesa',
        'firebasestorage.googleapis.com/v0/b/myonlinedoctor-b2ee5.appspot.com/o/doctor38.jpg?alt=media'
    ),
    (
        39,
        'M',
        'Rory',
        'Papasergi',
        'firebasestorage.googleapis.com/v0/b/myonlinedoctor-b2ee5.appspot.com/o/doctor39.jpg?alt=media'
    ),
    (
        40,
        'M',
        'Van',
        'Shire',
        'firebasestorage.googleapis.com/v0/b/myonlinedoctor-b2ee5.appspot.com/o/doctor40.jpg?alt=media'
    ),
    (
        41,
        'M',
        'Bok',
        'Isaacs',
        'firebasestorage.googleapis.com/v0/b/myonlinedoctor-b2ee5.appspot.com/o/doctor41.jpg?alt=media'
    ),
    (
        42,
        'M',
        'Rolande',
        'Spickerman',
        'firebasestorage.googleapis.com/v0/b/myonlinedoctor-b2ee5.appspot.com/o/doctor42.jpg?alt=media'
    ),
    (
        43,
        'M',
        'Howard',
        'Paulas',
        'firebasestorage.googleapis.com/v0/b/myonlinedoctor-b2ee5.appspot.com/o/doctor43.jpg?alt=media'
    ),
    (
        44,
        'M',
        'Thurman',
        'Manno',
        'firebasestorage.googleapis.com/v0/b/myonlinedoctor-b2ee5.appspot.com/o/doctor44.jpg?alt=media'
    ),
    (
        45,
        'M',
        'Marti',
        'Maybury',
        'firebasestorage.googleapis.com/v0/b/myonlinedoctor-b2ee5.appspot.com/o/doctor45.jpg?alt=media'
    ),
    (
        46,
        'M',
        'Valentin',
        'Klimek',
        'firebasestorage.googleapis.com/v0/b/myonlinedoctor-b2ee5.appspot.com/o/doctor46.jpg?alt=media'
    ),
    (
        47,
        'M',
        'Bulah',
        'Padilla',
        'firebasestorage.googleapis.com/v0/b/myonlinedoctor-b2ee5.appspot.com/o/doctor47.jpg?alt=media'
    ),
    (
        48,
        'M',
        'Audra',
        'Kohnert',
        'firebasestorage.googleapis.com/v0/b/myonlinedoctor-b2ee5.appspot.com/o/doctor48.jpg?alt=media'
    ),
    (
        49,
        'M',
        'Daren',
        'Weirather',
        'firebasestorage.googleapis.com/v0/b/myonlinedoctor-b2ee5.appspot.com/o/doctor49.jpg?alt=media'
    ),
    (
        50,
        'M',
        'Gearldine',
        'Gellinger',
        'firebasestorage.googleapis.com/v0/b/myonlinedoctor-b2ee5.appspot.com/o/doctor50.jpg?alt=media'
    ),
    (
        51,
        'M',
        'Chau',
        'Kitzman',
        'firebasestorage.googleapis.com/v0/b/myonlinedoctor-b2ee5.appspot.com/o/doctor51.jpg?alt=media'
    ),
    (
        52,
        'M',
        'Cheryl',
        'Haroldson',
        'firebasestorage.googleapis.com/v0/b/myonlinedoctor-b2ee5.appspot.com/o/doctor52.jpg?alt=media'
    ),
    (
        53,
        'M',
        'Dierdre',
        'Yum',
        'firebasestorage.googleapis.com/v0/b/myonlinedoctor-b2ee5.appspot.com/o/doctor53.jpg?alt=media'
    ),
    (
        54,
        'M',
        'Larae',
        'Gudroe',
        'firebasestorage.googleapis.com/v0/b/myonlinedoctor-b2ee5.appspot.com/o/doctor54.jpg?alt=media'
    ),
    (
        55,
        'M',
        'Kerry',
        'Theodorov',
        'firebasestorage.googleapis.com/v0/b/myonlinedoctor-b2ee5.appspot.com/o/doctor55.jpg?alt=media'
    ),
    (
        56,
        'M',
        'Clay',
        'Hoa',
        'firebasestorage.googleapis.com/v0/b/myonlinedoctor-b2ee5.appspot.com/o/doctor56.jpg?alt=media'
    ),
    (
        57,
        'M',
        'Eun',
        'Coody',
        'firebasestorage.googleapis.com/v0/b/myonlinedoctor-b2ee5.appspot.com/o/doctor57.jpg?alt=media'
    ),
    (
        58,
        'M',
        'Sylvia',
        'Cousey',
        'firebasestorage.googleapis.com/v0/b/myonlinedoctor-b2ee5.appspot.com/o/doctor58.jpg?alt=media'
    ),
    (
        59,
        'M',
        'Joesph',
        'Degonia',
        'firebasestorage.googleapis.com/v0/b/myonlinedoctor-b2ee5.appspot.com/o/doctor59.jpg?alt=media'
    ),
    (
        60,
        'M',
        'Benton',
        'Skursky',
        'firebasestorage.googleapis.com/v0/b/myonlinedoctor-b2ee5.appspot.com/o/doctor60.jpg?alt=media'
    ),
    (
        61,
        'F',
        'Josephine',
        'Darakjy',
        'firebasestorage.googleapis.com/v0/b/myonlinedoctor-b2ee5.appspot.com/o/doctor61.jpg?alt=media'
    ),
    (
        62,
        'F',
        'Art',
        'Venere',
        'firebasestorage.googleapis.com/v0/b/myonlinedoctor-b2ee5.appspot.com/o/doctor62.jpg?alt=media'
    ),
    (
        63,
        'F',
        'Lenna',
        'Paprocki',
        'firebasestorage.googleapis.com/v0/b/myonlinedoctor-b2ee5.appspot.com/o/doctor63.jpg?alt=media'
    ),
    (
        64,
        'F',
        'Donette',
        'Foller',
        'firebasestorage.googleapis.com/v0/b/myonlinedoctor-b2ee5.appspot.com/o/doctor64.jpg?alt=media'
    ),
    (
        65,
        'F',
        'Simona',
        'Morasca',
        'firebasestorage.googleapis.com/v0/b/myonlinedoctor-b2ee5.appspot.com/o/doctor65.jpg?alt=media'
    ),
    (
        66,
        'F',
        'Mitsue',
        'Tollner',
        'firebasestorage.googleapis.com/v0/b/myonlinedoctor-b2ee5.appspot.com/o/doctor66.jpg?alt=media'
    ),
    (
        67,
        'F',
        'Leota',
        'Dilliard',
        'firebasestorage.googleapis.com/v0/b/myonlinedoctor-b2ee5.appspot.com/o/doctor67.jpg?alt=media'
    ),
    (
        68,
        'F',
        'Minna',
        'Amigon',
        'firebasestorage.googleapis.com/v0/b/myonlinedoctor-b2ee5.appspot.com/o/doctor68.jpg?alt=media'
    ),
    (
        69,
        'F',
        'Kiley',
        'Caldarera',
        'firebasestorage.googleapis.com/v0/b/myonlinedoctor-b2ee5.appspot.com/o/doctor69.jpg?alt=media'
    ),
    (
        70,
        'F',
        'Graciela',
        'Ruta',
        'firebasestorage.googleapis.com/v0/b/myonlinedoctor-b2ee5.appspot.com/o/doctor70.jpg?alt=media'
    ),
    (
        71,
        'F',
        'Cammy',
        'Albares',
        'firebasestorage.googleapis.com/v0/b/myonlinedoctor-b2ee5.appspot.com/o/doctor71.jpg?alt=media'
    ),
    (
        72,
        'F',
        'Mattie',
        'Poquette',
        'firebasestorage.googleapis.com/v0/b/myonlinedoctor-b2ee5.appspot.com/o/doctor72.jpg?alt=media'
    ),
    (
        73,
        'F',
        'Meaghan',
        'Garufi',
        'firebasestorage.googleapis.com/v0/b/myonlinedoctor-b2ee5.appspot.com/o/doctor73.jpg?alt=media'
    ),
    (
        74,
        'F',
        'Gladys',
        'Rim',
        'firebasestorage.googleapis.com/v0/b/myonlinedoctor-b2ee5.appspot.com/o/doctor74.jpg?alt=media'
    ),
    (
        75,
        'F',
        'Yuki',
        'Whobrey',
        'firebasestorage.googleapis.com/v0/b/myonlinedoctor-b2ee5.appspot.com/o/doctor75.jpg?alt=media'
    ),
    (
        76,
        'F',
        'Bette',
        'Nicka',
        'firebasestorage.googleapis.com/v0/b/myonlinedoctor-b2ee5.appspot.com/o/doctor76.jpg?alt=media'
    ),
    (
        77,
        'F',
        'Veronika',
        'Inouye',
        'firebasestorage.googleapis.com/v0/b/myonlinedoctor-b2ee5.appspot.com/o/doctor77.jpg?alt=media'
    ),
    (
        78,
        'F',
        'Maryann',
        'Royster',
        'firebasestorage.googleapis.com/v0/b/myonlinedoctor-b2ee5.appspot.com/o/doctor78.jpg?alt=media'
    ),
    (
        79,
        'F',
        'Alisha',
        'Slusarski',
        'firebasestorage.googleapis.com/v0/b/myonlinedoctor-b2ee5.appspot.com/o/doctor79.jpg?alt=media'
    ),
    (
        80,
        'F',
        'Allene',
        'Iturbide',
        'firebasestorage.googleapis.com/v0/b/myonlinedoctor-b2ee5.appspot.com/o/doctor80.jpg?alt=media'
    ),
    (
        81,
        'F',
        'Chanel',
        'Caudy',
        'firebasestorage.googleapis.com/v0/b/myonlinedoctor-b2ee5.appspot.com/o/doctor81.jpg?alt=media'
    ),
    (
        82,
        'F',
        'Ammie',
        'Corrio',
        'firebasestorage.googleapis.com/v0/b/myonlinedoctor-b2ee5.appspot.com/o/doctor82.jpg?alt=media'
    ),
    (
        83,
        'F',
        'Francine',
        'Vocelka',
        'firebasestorage.googleapis.com/v0/b/myonlinedoctor-b2ee5.appspot.com/o/doctor83.jpg?alt=media'
    ),
    (
        84,
        'F',
        'Albina',
        'Glick',
        'firebasestorage.googleapis.com/v0/b/myonlinedoctor-b2ee5.appspot.com/o/doctor84.jpg?alt=media'
    ),
    (
        85,
        'F',
        'Alishia',
        'Sergi',
        'firebasestorage.googleapis.com/v0/b/myonlinedoctor-b2ee5.appspot.com/o/doctor85.jpg?alt=media'
    ),
    (
        86,
        'F',
        'Rozella',
        'Ostrosky',
        'firebasestorage.googleapis.com/v0/b/myonlinedoctor-b2ee5.appspot.com/o/doctor86.jpg?alt=media'
    ),
    (
        87,
        'F',
        'Valentine',
        'Gillian',
        'firebasestorage.googleapis.com/v0/b/myonlinedoctor-b2ee5.appspot.com/o/doctor87.jpg?alt=media'
    ),
    (
        88,
        'F',
        'Kati',
        'Rulapaugh',
        'firebasestorage.googleapis.com/v0/b/myonlinedoctor-b2ee5.appspot.com/o/doctor88.jpg?alt=media'
    ),
    (
        89,
        'F',
        'Youlanda',
        'Schemmer',
        'firebasestorage.googleapis.com/v0/b/myonlinedoctor-b2ee5.appspot.com/o/doctor89.jpg?alt=media'
    ),
    (
        90,
        'F',
        'Roxane',
        'Campain',
        'firebasestorage.googleapis.com/v0/b/myonlinedoctor-b2ee5.appspot.com/o/doctor90.jpg?alt=media'
    ),
    (
        91,
        'F',
        'Fatima',
        'Saylors',
        'firebasestorage.googleapis.com/v0/b/myonlinedoctor-b2ee5.appspot.com/o/doctor91.jpg?alt=media'
    ),
    (
        92,
        'F',
        'Jina',
        'Briddick',
        'firebasestorage.googleapis.com/v0/b/myonlinedoctor-b2ee5.appspot.com/o/doctor92.jpg?alt=media'
    ),
    (
        93,
        'F',
        'Kanisha',
        'Waycott',
        'firebasestorage.googleapis.com/v0/b/myonlinedoctor-b2ee5.appspot.com/o/doctor93.jpg?alt=media'
    ),
    (
        94,
        'F',
        'Sabra',
        'Uyetake',
        'firebasestorage.googleapis.com/v0/b/myonlinedoctor-b2ee5.appspot.com/o/doctor94.jpg?alt=media'
    ),
    (
        95,
        'F',
        'Marjory',
        'Mastella',
        'firebasestorage.googleapis.com/v0/b/myonlinedoctor-b2ee5.appspot.com/o/doctor95.jpg?alt=media'
    ),
    (
        96,
        'F',
        'Amber',
        'Monarrez',
        'firebasestorage.googleapis.com/v0/b/myonlinedoctor-b2ee5.appspot.com/o/doctor96.jpg?alt=media'
    ),
    (
        97,
        'F',
        'Shenika',
        'Seewald',
        'firebasestorage.googleapis.com/v0/b/myonlinedoctor-b2ee5.appspot.com/o/doctor97.jpg?alt=media'
    ),
    (
        98,
        'F',
        'Delmy',
        'Ahle',
        'firebasestorage.googleapis.com/v0/b/myonlinedoctor-b2ee5.appspot.com/o/doctor98.jpg?alt=media'
    ),
    (
        99,
        'F',
        'Deeanna',
        'Juhas',
        'firebasestorage.googleapis.com/v0/b/myonlinedoctor-b2ee5.appspot.com/o/doctor99.jpg?alt=media'
    ),
    (
        100,
        'F',
        'Blondell',
        'Pugh',
        'firebasestorage.googleapis.com/v0/b/myonlinedoctor-b2ee5.appspot.com/o/doctor100.jpg?alt=media'
    ),
    (
        101,
        'F',
        'Cecily',
        'Hollack',
        'firebasestorage.googleapis.com/v0/b/myonlinedoctor-b2ee5.appspot.com/o/doctor101.jpg?alt=media'
    ),
    (
        102,
        'F',
        'Carmelina',
        'Lindall',
        'firebasestorage.googleapis.com/v0/b/myonlinedoctor-b2ee5.appspot.com/o/doctor102.jpg?alt=media'
    ),
    (
        103,
        'F',
        'Maurine',
        'Yglesias',
        'firebasestorage.googleapis.com/v0/b/myonlinedoctor-b2ee5.appspot.com/o/doctor103.jpg?alt=media'
    ),
    (
        104,
        'F',
        'Penney',
        'Weight',
        'firebasestorage.googleapis.com/v0/b/myonlinedoctor-b2ee5.appspot.com/o/doctor104.jpg?alt=media'
    ),
    (
        105,
        'F',
        'Elly',
        'Morocco',
        'firebasestorage.googleapis.com/v0/b/myonlinedoctor-b2ee5.appspot.com/o/doctor105.jpg?alt=media'
    ),
    (
        106,
        'F',
        'Ilene',
        'Eroman',
        'firebasestorage.googleapis.com/v0/b/myonlinedoctor-b2ee5.appspot.com/o/doctor106.jpg?alt=media'
    ),
    (
        107,
        'F',
        'Vallie',
        'Mondella',
        'firebasestorage.googleapis.com/v0/b/myonlinedoctor-b2ee5.appspot.com/o/doctor107.jpg?alt=media'
    ),
    (
        108,
        'F',
        'Kallie',
        'Blackwood',
        'firebasestorage.googleapis.com/v0/b/myonlinedoctor-b2ee5.appspot.com/o/doctor108.jpg?alt=media'
    ),
    (
        109,
        'F',
        'Johnetta',
        'Abdallah',
        'firebasestorage.googleapis.com/v0/b/myonlinedoctor-b2ee5.appspot.com/o/doctor109.jpg?alt=media'
    ),
    (
        110,
        'F',
        'Micaela',
        'Rhymes',
        'firebasestorage.googleapis.com/v0/b/myonlinedoctor-b2ee5.appspot.com/o/doctor110.jpg?alt=media'
    ),
    (
        111,
        'F',
        'Tamar',
        'Hoogland',
        'firebasestorage.googleapis.com/v0/b/myonlinedoctor-b2ee5.appspot.com/o/doctor111.jpg?alt=media'
    ),
    (
        112,
        'F',
        'Laurel',
        'Reitler',
        'firebasestorage.googleapis.com/v0/b/myonlinedoctor-b2ee5.appspot.com/o/doctor112.jpg?alt=media'
    ),
    (
        113,
        'F',
        'Delisa',
        'Crupi',
        'firebasestorage.googleapis.com/v0/b/myonlinedoctor-b2ee5.appspot.com/o/doctor113.jpg?alt=media'
    ),
    (
        114,
        'F',
        'Viva',
        'Toelkes',
        'firebasestorage.googleapis.com/v0/b/myonlinedoctor-b2ee5.appspot.com/o/doctor114.jpg?alt=media'
    ),
    (
        115,
        'F',
        'Elza',
        'Lipke',
        'firebasestorage.googleapis.com/v0/b/myonlinedoctor-b2ee5.appspot.com/o/doctor115.jpg?alt=media'
    ),
    (
        116,
        'F',
        'Devorah',
        'Chickering',
        'firebasestorage.googleapis.com/v0/b/myonlinedoctor-b2ee5.appspot.com/o/doctor116.jpg?alt=media'
    ),
    (
        117,
        'F',
        'Arlette',
        'Honeywell',
        'firebasestorage.googleapis.com/v0/b/myonlinedoctor-b2ee5.appspot.com/o/doctor117.jpg?alt=media'
    ),
    (
        118,
        'F',
        'Lettie',
        'Isenhower',
        'firebasestorage.googleapis.com/v0/b/myonlinedoctor-b2ee5.appspot.com/o/doctor118.jpg?alt=media'
    ),
    (
        119,
        'F',
        'Myra',
        'Munns',
        'firebasestorage.googleapis.com/v0/b/myonlinedoctor-b2ee5.appspot.com/o/doctor119.jpg?alt=media'
    ),
    (
        120,
        'F',
        'Stephaine',
        'Barfield',
        'firebasestorage.googleapis.com/v0/b/myonlinedoctor-b2ee5.appspot.com/o/doctor120.jpg?alt=media'
    );
INSERT INTO ESPECIALIDAD (id, nombre)
VALUES (1, 'Clinica Medica'),
    (2, 'Medicina General Y De Familia'),
    (3, 'Alergia E Inmunologia'),
    (4, 'Cardiologia'),
    (5, 'Angiologia General Y Hemodinamia'),
    (6, 'Dermatologia'),
    (7, 'Endocrinologia'),
    (8, 'Farmacologia Clinica'),
    (
        9,
        'Fisiatria (Medicina Fisica Y Rehabilitacion)'
    ),
    (10, 'Gastroenterologia'),
    (11, 'Genetica Medica'),
    (12, 'Geriatria'),
    (13, 'Hematologia'),
    (14, 'Infectologia'),
    (15, 'Nefrologia'),
    (16, 'Neumonologia'),
    (17, 'Neurologia'),
    (18, 'Nutricion'),
    (19, 'Oncologia'),
    (20, 'Reumatologia'),
    (21, 'Terapia Intensiva'),
    (22, 'Cirugia General'),
    (23, 'Cirugia Cardiovascular'),
    (24, 'Cirugia De Cabeza Y Cuello'),
    (25, 'Cirugia De Torax (Cirugia Toracica)'),
    (26, 'Cirugia Infantil (Cirugia Pediatrica)'),
    (27, 'Cirugia Plastica Y Reparadora'),
    (28, 'Cirugia Vascular Periferica'),
    (29, 'Coloproctologia'),
    (30, 'Ginecologia'),
    (31, 'Neurocirugia'),
    (32, 'Obstetricia'),
    (33, 'Oftalmologia'),
    (34, 'Ortopedia Y Traumatologia'),
    (35, 'Otorrinolaringologia'),
    (36, 'Tocoginecologia'),
    (37, 'Urologia'),
    (38, 'Pediatria'),
    (39, 'Cardiologia Infantil'),
    (40, 'Endocrinologia Infantil'),
    (41, 'Gastroenterologia Infantil'),
    (42, 'Hematologia Infantil'),
    (43, 'Infectologia Infantil'),
    (44, 'Nefrologia Infantil'),
    (45, 'Neonatologia'),
    (46, 'Neumonologo Infantil'),
    (47, 'Neurologo Infantil'),
    (48, 'Oncologo Infantil'),
    (49, 'Reumatologo Infantil'),
    (50, 'Terapista Intensivo Infantil'),
    (51, 'Psiquiatria'),
    (52, 'Psiquiatria Infanto Juvenil'),
    (53, 'Anatomia Patologica'),
    (54, 'Anestesiologia'),
    (55, 'Diagnostico Por Imagenes'),
    (56, 'Hemoterapia E Inmunohematologia'),
    (57, 'Medicina Del Deporte'),
    (58, 'Medicina Del Trabajo'),
    (59, 'Medicina Legal'),
    (60, 'Medicina Nuclear'),
    (61, 'Radioterapia O Terapia Radiante'),
    (62, 'Toxicologia'),
    (63, 'Cirugia Y Trumatologia Bucomaxilofacial'),
    (64, 'Periodoncia'),
    (65, 'Endodoncia'),
    (66, 'Odontopediatria'),
    (67, 'Ortodoncia'),
    (68, 'Medicina General'),
    (69, 'Medicina De Familia'),
    (70, 'Mastologia'),
    (71, 'Quemados'),
    (72, 'Salud Publica'),
    (73, 'Cirugia Oncologica'),
    (74, 'Dermatologia Pediatrica'),
    (75, 'Emergentologia'),
    (76, 'Electro Fisiologia Cardiaca'),
    (77, 'Ortopedia Y Traumatologia Infantil'),
    (78, 'Hepatologia'),
    (79, 'Hepatologia Pediatrica'),
    (80, 'Alergia E Inmunologia Pediatrica'),
    (81, 'Cirugia Cardiovascular Pediatrica'),
    (82, 'Anatomia Patologica Bucalmaxilofacial'),
    (83, 'Diagnostico Por Imagenes Bucomaxilofacial'),
    (84, 'Odontologia Legal'),
    (85, 'Clinica Estomatologica'),
    (86, 'Protesis Dentobucomaxilar'),
    (87, 'Ortodoncia Y Ortopedia Maxilar');
INSERT INTO DOCTOR_ESPECIALIDAD (fk_especialidad, fk_doctor)
VALUES (1, 1),
    (2, 2),
    (3, 3),
    (4, 4),
    (5, 5),
    (6, 6),
    (7, 7),
    (8, 8),
    (9, 9),
    (10, 10),
    (11, 11),
    (12, 12),
    (21, 13),
    (22, 14),
    (23, 15),
    (24, 16),
    (25, 17),
    (26, 18),
    (27, 19),
    (28, 20),
    (21, 21),
    (22, 22),
    (23, 23),
    (24, 24),
    (25, 25),
    (26, 26),
    (27, 27),
    (28, 28),
    (29, 29),
    (30, 30),
    (31, 31),
    (32, 32),
    (33, 33),
    (34, 34),
    (35, 35),
    (36, 36),
    (37, 37),
    (38, 38),
    (39, 39),
    (40, 40),
    (41, 41),
    (42, 42),
    (43, 43),
    (44, 44),
    (45, 45),
    (46, 46),
    (47, 47),
    (48, 48),
    (49, 49),
    (50, 50),
    (51, 51),
    (52, 52),
    (53, 53),
    (54, 54),
    (55, 55),
    (56, 56),
    (57, 57),
    (58, 58),
    (59, 59),
    (60, 60),
    (61, 61),
    (62, 62),
    (63, 63),
    (64, 64),
    (65, 65),
    (66, 66),
    (67, 67),
    (68, 68),
    (69, 69),
    (70, 70),
    (71, 71),
    (72, 72),
    (73, 73),
    (74, 74),
    (75, 75),
    (76, 76),
    (77, 77),
    (78, 78),
    (79, 79),
    (80, 80),
    (81, 81),
    (82, 82),
    (2, 83),
    (3, 84),
    (4, 85),
    (5, 86),
    (6, 87),
    (7, 88),
    (8, 89),
    (9, 90),
    (10, 91),
    (11, 92),
    (12, 93),
    (21, 94),
    (22, 95),
    (23, 96),
    (24, 97),
    (25, 98),
    (26, 99),
    (27, 100),
    (28, 101),
    (29, 102),
    (30, 103),
    (31, 104),
    (32, 105),
    (33, 106),
    (34, 107),
    (35, 108),
    (36, 109),
    (37, 110),
    (38, 111),
    (39, 112),
    (40, 113),
    (41, 114),
    (42, 115),
    (43, 116),
    (44, 117),
    (45, 118),
    (46, 119),
    (47, 120),
    (48, 13),
    (49, 14),
    (50, 15),
    (51, 16),
    (52, 17),
    (53, 18),
    (54, 19),
    (55, 20),
    (56, 21),
    (57, 22),
    (58, 23),
    (59, 24),
    (60, 25),
    (61, 26),
    (62, 27),
    (63, 28),
    (64, 29),
    (65, 30),
    (66, 31),
    (67, 32),
    (68, 33),
    (69, 34),
    (70, 35),
    (71, 36),
    (72, 37),
    (73, 38),
    (74, 39),
    (75, 40);